FID	IID	wolba	In_2L_t	In_2R_NS	In_3R_P	In_3R_K	In_3R_Mo
line_21	line_21	y	0	0	0	0	0
line_26	line_26	n	2	0	0	0	0
line_28	line_28	n	0	2	0	0	0
line_31	line_31	n	0	0	0	1	0
line_32	line_32	n	2	0	0	0	2
line_38	line_38	n	0	0	0	1	0
line_40	line_40	y	0	0	0	0	0
line_41	line_41	n	0	0	0	0	0
line_42	line_42	n	0	0	0	0	0
line_45	line_45	n	0	0	0	0	0
line_48	line_48	y	0	0	0	1	0
line_49	line_49	y	0	0	0	0	0
line_57	line_57	n	0	0	0	0	0
line_59	line_59	n	0	0	0	0	0
line_69	line_69	y	0	2	0	0	0
line_73	line_73	y	0	0	0	0	0
line_75	line_75	y	0	0	0	0	0
line_83	line_83	n	0	0	0	0	0
line_85	line_85	n	1	0	0	0	0
line_88	line_88	n	1	0	0	0	0
line_91	line_91	n	0	0	0	0	0
line_93	line_93	n	2	0	0	0	0
line_100	line_100	y	1	0	0	2	0
line_101	line_101	n	1	0	0	0	0
line_105	line_105	n	0	0	0	2	0
line_109	line_109	n	1	0	0	0	0
line_129	line_129	n	0	0	0	0	0
line_136	line_136	y	0	0	0	1	0
line_138	line_138	n	0	0	2	0	0
line_142	line_142	y	0	0	0	0	0
line_149	line_149	y	0	0	0	0	0
line_153	line_153	y	0	0	0	0	0
line_158	line_158	n	0	0	0	0	0
line_161	line_161	n	2	0	0	0	0
line_176	line_176	y	0	0	0	0	0
line_177	line_177	n	0	0	0	0	0
line_181	line_181	y	0	0	0	0	0
line_189	line_189	y	0	0	2	0	0
line_195	line_195	n	0	0	0	0	0
line_208	line_208	n	0	0	0	0	0
line_217	line_217	n	0	0	0	0	0
line_223	line_223	y	0	0	0	0	0
line_227	line_227	y	0	0	0	0	0
line_228	line_228	n	0	0	0	0	0
line_229	line_229	n	0	0	0	0	0
line_233	line_233	n	2	0	0	0	0
line_235	line_235	n	0	0	0	0	0
line_237	line_237	y	1	1	0	0	0
line_239	line_239	n	0	0	0	0	0
line_256	line_256	y	0	0	0	0	0
line_280	line_280	y	0	0	0	0	0
line_287	line_287	y	0	0	0	0	0
line_301	line_301	n	1	0	0	0	0
line_303	line_303	n	1	1	0	0	0
line_304	line_304	y	0	2	0	0	0
line_306	line_306	y	0	0	0	0	0
line_307	line_307	n	0	0	0	0	0
line_309	line_309	n	0	0	0	1	0
line_310	line_310	y	0	0	0	0	0
line_313	line_313	n	2	0	0	0	0
line_315	line_315	n	0	0	0	0	0
line_317	line_317	y	0	0	0	0	1
line_318	line_318	y	0	0	0	0	0
line_319	line_319	y	0	0	0	0	0
line_320	line_320	y	0	0	0	0	0
line_321	line_321	y	0	0	0	0	0
line_324	line_324	n	0	0	0	0	2
line_325	line_325	n	0	0	0	0	0
line_332	line_332	n	0	0	0	0	0
line_335	line_335	y	0	0	0	0	1
line_336	line_336	y	1	1	0	0	0
line_338	line_338	y	1	1	0	0	0
line_340	line_340	y	0	0	0	0	0
line_348	line_348	n	2	0	0	0	2
line_350	line_350	n	2	0	0	0	2
line_352	line_352	y	1	0	0	0	2
line_354	line_354	n	0	0	0	0	0
line_355	line_355	y	0	0	0	0	0
line_356	line_356	y	0	0	0	0	0
line_357	line_357	n	0	0	0	0	0
line_358	line_358	n	2	0	0	0	2
line_359	line_359	n	2	0	0	0	0
line_360	line_360	y	0	0	0	0	0
line_361	line_361	y	0	0	1	0	0
line_362	line_362	y	0	0	0	0	0
line_365	line_365	y	0	0	0	0	0
line_367	line_367	n	0	0	0	0	0
line_370	line_370	y	0	0	0	0	0
line_371	line_371	n	0	0	0	0	0
line_373	line_373	n	0	0	1	0	0
line_374	line_374	y	0	0	0	0	2
line_375	line_375	n	0	0	0	0	0
line_377	line_377	n	1	1	0	0	0
line_379	line_379	n	0	0	0	0	0
line_380	line_380	y	0	0	0	0	0
line_381	line_381	n	1	0	0	0	0
line_382	line_382	y	0	0	0	0	0
line_383	line_383	y	2	0	0	0	0
line_385	line_385	n	0	0	0	0	0
line_386	line_386	n	2	0	0	0	0
line_390	line_390	n	2	0	0	0	1
line_391	line_391	n	0	0	0	0	0
line_392	line_392	n	0	0	0	0	0
line_395	line_395	n	0	0	0	0	0
line_397	line_397	y	0	0	1	0	0
line_399	line_399	n	0	0	0	0	0
line_405	line_405	y	1	0	0	0	0
line_406	line_406	n	2	0	0	0	0
line_409	line_409	y	0	2	0	0	2
line_426	line_426	n	1	1	0	0	0
line_427	line_427	n	0	0	0	0	0
line_437	line_437	n	0	0	0	0	2
line_439	line_439	n	0	0	0	0	0
line_440	line_440	y	0	0	0	1	0
line_441	line_441	y	0	0	0	0	0
line_443	line_443	n	1	0	0	0	0
line_461	line_461	y	0	0	0	0	0
line_486	line_486	y	0	0	0	0	0
line_491	line_491	n	0	0	0	0	0
line_492	line_492	n	1	0	0	0	1
line_502	line_502	n	1	0	0	0	0
line_505	line_505	y	0	0	0	0	0
line_508	line_508	n	0	0	0	0	0
line_509	line_509	n	0	0	0	0	0
line_513	line_513	y	0	0	0	0	0
line_517	line_517	n	0	0	0	0	0
line_528	line_528	y	1	1	0	0	0
line_530	line_530	y	0	0	0	0	0
line_531	line_531	y	0	0	0	0	0
line_535	line_535	y	0	0	0	0	0
line_551	line_551	y	0	0	0	0	1
line_555	line_555	y	0	0	0	0	2
line_559	line_559	n	0	0	0	1	1
line_563	line_563	n	1	1	0	0	0
line_566	line_566	n	0	0	0	0	1
line_584	line_584	y	2	0	0	0	0
line_589	line_589	y	0	0	0	0	0
line_595	line_595	y	1	0	0	0	0
line_596	line_596	n	0	0	0	0	0
line_627	line_627	n	2	0	0	0	0
line_630	line_630	n	2	0	1	0	0
line_634	line_634	y	0	0	1	0	0
line_639	line_639	y	0	0	0	0	0
line_642	line_642	n	0	2	0	0	0
line_646	line_646	y	0	0	0	2	0
line_703	line_703	n	0	0	0	0	0
line_705	line_705	y	0	0	0	0	0
line_707	line_707	y	0	0	0	0	2
line_712	line_712	y	0	0	0	0	2
line_714	line_714	n	0	0	0	0	2
line_716	line_716	y	0	0	0	0	0
line_721	line_721	y	0	0	0	0	0
line_727	line_727	y	0	0	0	0	0
line_730	line_730	y	0	0	0	0	0
line_732	line_732	n	0	0	0	1	0
line_737	line_737	y	0	0	0	0	0
line_738	line_738	y	0	0	0	0	1
line_748	line_748	y	2	0	0	0	0
line_757	line_757	n	0	0	0	0	0
line_761	line_761	y	0	0	0	0	0
line_765	line_765	n	0	0	0	0	0
line_774	line_774	n	0	0	0	0	0
line_776	line_776	y	0	0	2	0	0
line_783	line_783	y	0	0	0	0	0
line_786	line_786	y	0	0	2	0	0
line_787	line_787	y	0	0	0	0	0
line_790	line_790	y	0	0	0	0	0
line_796	line_796	y	0	0	0	0	0
line_799	line_799	n	0	0	0	0	0
line_801	line_801	y	0	0	0	0	0
line_802	line_802	y	1	0	0	1	0
line_804	line_804	y	0	0	0	0	0
line_805	line_805	y	0	0	0	0	0
line_808	line_808	n	0	0	0	0	0
line_810	line_810	n	0	0	0	0	2
line_812	line_812	n	1	2	0	0	0
line_818	line_818	y	0	0	0	0	0
line_819	line_819	y	0	0	0	0	0
line_820	line_820	y	0	0	0	0	2
line_821	line_821	y	0	1	0	0	0
line_822	line_822	y	0	0	0	0	0
line_832	line_832	y	0	0	0	0	0
line_837	line_837	y	2	0	0	0	0
line_843	line_843	n	0	0	0	0	0
line_849	line_849	n	1	0	0	0	0
line_850	line_850	y	0	0	0	0	0
line_852	line_852	y	0	2	0	0	0
line_853	line_853	y	0	0	0	0	0
line_855	line_855	y	0	0	0	0	1
line_857	line_857	n	0	1	0	0	0
line_859	line_859	y	0	0	0	0	0
line_861	line_861	y	0	0	0	0	2
line_879	line_879	y	0	0	0	0	0
line_882	line_882	y	0	0	0	0	0
line_884	line_884	y	0	0	1	0	0
line_887	line_887	y	0	0	0	0	0
line_890	line_890	y	0	0	0	0	0
line_892	line_892	y	0	0	0	0	0
line_894	line_894	n	1	0	0	0	0
line_897	line_897	y	0	0	0	0	0
line_900	line_900	n	0	0	0	0	0
line_907	line_907	n	0	0	0	0	0
line_908	line_908	n	0	0	0	0	2
line_911	line_911	n	0	0	0	0	0
line_913	line_913	y	0	0	0	1	0
